AVG Current,STD Current,MAX Current,MIN Current,Range Current,Kurtosis Current,RMS Current,Skewness Current,Entropy Current,AVG Torque,STD Torque,MAX Torque,MIN Torque,Range Torque,Kurtosis Torque,RMS Torque,Skewness Torque,Entropy Torque,AVG Active Power,STD Active Power,MAX Active Power,MIN Active Power,Range Active Power,Kurtosis Active Power,RMS Active Power,Skewness Active Power,Entropy Active Power,Class
0.491028,0.177287,3.587769,0.008118,3.579651,195.977268,0.522022,13.050725,6.874759,0.175116,0.265459,3.888977,0.083801,3.805176,135.579460,0.317905,11.242819,6.605794,0.448055,0.160866,3.926880,0.334106,3.592774,236.696934,0.476031,13.103412,6.873575,0
0.490237,0.144970,3.176880,0.082336,3.094544,154.913329,0.511202,11.145419,6.882446,0.175544,0.254678,3.900696,0.126038,3.774658,122.756297,0.309211,10.635879,6.615188,0.445957,0.170479,3.884033,0.084290,3.799743,284.860734,0.477401,15.525787,6.873353,0
0.485529,0.125391,3.342834,0.302307,3.040527,292.708198,0.501443,15.148624,6.889480,0.163829,0.169912,3.516357,0.082153,3.434204,213.926485,0.235969,13.453633,6.744128,0.444681,0.149242,3.468689,0.330688,3.138001,251.237091,0.469033,14.383626,6.879017,0
0.489232,0.177605,3.989441,0.333313,3.656128,284.769340,0.520442,15.824336,6.877487,0.157104,0.109422,2.116455,0.083313,2.033142,178.843708,0.191423,12.849977,6.818728,0.442829,0.142711,3.971863,0.285767,3.686096,391.788604,0.465235,17.487607,6.882201,0
0.485822,0.117226,2.547180,0.302185,2.244995,161.052549,0.499751,11.877800,6.890492,0.165665,0.172609,3.661438,0.085205,3.576233,206.472186,0.239184,12.911229,6.736357,0.444358,0.126080,2.581604,0.333130,2.248474,133.481241,0.461881,10.474812,6.883568,0
0.488801,0.156395,3.834900,0.333923,3.500977,269.293436,0.513187,14.940916,6.882040,0.168176,0.206554,3.973938,0.083679,3.890259,224.823080,0.266280,13.822233,6.698343,0.453810,0.209500,3.895813,0.261658,3.634155,148.815791,0.499790,11.381431,6.856478,0
0.483778,0.102275,2.583313,0.333435,2.249878,218.176363,0.494460,13.448727,6.894351,0.162314,0.167500,3.411438,0.078552,3.332886,204.235887,0.233182,13.431894,6.749847,0.441622,0.098219,1.591125,0.332458,1.258667,84.176670,0.452402,8.594091,6.890934,0
0.489624,0.173408,3.899597,0.331360,3.568237,297.668492,0.519396,16.102450,6.878658,0.176920,0.284193,3.915344,0.080383,3.834961,124.929106,0.334642,10.890600,6.577014,0.440915,0.096782,1.447998,0.317993,1.130005,74.746735,0.451402,8.083666,6.891033,0
0.482772,0.116985,3.239563,0.333252,2.906311,351.373703,0.496730,17.278116,6.892394,0.161517,0.170776,3.587402,0.036621,3.550781,300.741479,0.234996,16.442326,6.759378,0.454994,0.213626,3.923157,0.325867,3.597290,196.209288,0.502603,13.032770,6.857329,0
0.486088,0.161267,3.836914,0.263000,3.573914,298.259617,0.512115,16.424680,6.882243,0.163724,0.164108,3.114014,0.119263,2.994751,174.828468,0.231754,12.336228,6.747747,0.444973,0.125422,2.581482,0.339600,2.241882,122.799192,0.462294,9.925647,6.883373,0
0.488561,0.138289,3.087524,0.301697,2.785827,190.871511,0.507737,12.604510,6.885420,0.164900,0.201642,3.661987,0.083313,3.578674,187.837986,0.260405,13.244019,6.708487,0.444480,0.129193,2.334656,0.254761,2.079895,118.794102,0.462857,10.081879,6.882395,0
0.489896,0.162874,3.829224,0.451721,3.377503,228.754622,0.516236,13.820912,6.879774,0.167759,0.200183,3.208252,0.121033,3.087219,144.682619,0.261105,11.466601,6.695961,0.447778,0.168182,3.668579,0.317810,3.350769,199.646155,0.478291,12.829715,6.871952,0
0.488759,0.150569,3.491577,0.339844,3.151733,212.164769,0.511404,13.298539,6.882643,0.161820,0.169335,3.082825,0.034119,3.048706,192.816736,0.234161,13.399354,6.749515,0.449262,0.179506,3.840027,0.329590,3.510437,245.709566,0.483763,14.244059,6.869509,0
0.484717,0.134385,3.833313,0.226868,3.606445,401.717401,0.502983,17.884999,6.888332,0.167566,0.195840,3.891418,0.067688,3.823730,181.615372,0.257669,12.384531,6.704517,0.448658,0.160539,3.350647,0.329834,3.020813,189.771416,0.476488,12.329369,6.873824,0
0.482647,0.092321,2.333313,0.333069,2.000244,210.143395,0.491388,13.285718,6.896387,0.172890,0.264064,3.942688,0.087585,3.855103,158.828702,0.315517,12.288848,6.620787,0.448776,0.170687,3.834290,0.337830,3.496460,226.069425,0.480109,13.626265,6.871937,0
0.492311,0.187741,3.841125,0.271057,3.570068,198.361765,0.526860,13.291995,6.872813,0.166087,0.176177,3.145813,0.034119,3.111694,158.725109,0.242058,11.777412,6.728916,0.453286,0.207602,3.837891,0.284424,3.553467,157.489676,0.498522,11.822240,6.858184,0
0.493878,0.192718,3.873718,0.333313,3.540405,199.740963,0.530112,13.187803,6.871105,0.175715,0.260760,3.908020,0.091675,3.816345,126.211805,0.314330,10.827391,6.609444,0.447739,0.130048,2.343140,0.366943,1.976197,87.652542,0.466225,8.621335,6.881212,0
0.489978,0.167351,3.787537,0.409607,3.377930,250.223860,0.517742,14.627757,6.879196,0.167489,0.205185,3.682739,0.078674,3.604065,184.963539,0.264785,12.916927,6.699135,0.448273,0.158862,3.908508,0.105835,3.802673,244.678197,0.475563,13.415706,6.874585,0
0.487296,0.153418,3.490173,0.134094,3.356079,210.713653,0.510853,13.492594,6.882023,0.166743,0.221535,3.892822,0.047546,3.845276,224.432269,0.277186,14.355784,6.688038,0.444432,0.125985,2.449219,0.305420,2.143799,135.094691,0.461926,10.470759,6.883499,0
0.488153,0.158275,3.842102,0.295532,3.546570,282.116054,0.513147,15.492865,6.881998,0.166618,0.200886,3.842102,0.083313,3.758789,218.768030,0.260915,13.777684,6.706826,0.450983,0.169532,3.341125,0.368225,2.972900,177.450229,0.481766,11.885928,6.870432,0
0.488055,0.153161,3.958313,0.344177,3.614136,298.298557,0.511500,15.535102,6.883087,0.171281,0.235952,3.513428,0.078430,3.434998,141.546369,0.291470,11.466638,6.648437,0.445719,0.150581,2.973267,0.266296,2.706971,175.186154,0.470444,12.067626,6.876994,0
0.490355,0.161719,3.739441,0.087830,3.651611,217.018598,0.516309,13.310299,6.879298,0.163849,0.174024,3.165344,0.035278,3.130066,194.214241,0.238957,13.028967,6.737297,0.445338,0.151176,3.061829,0.331116,2.730713,176.711239,0.470274,12.319744,6.877250,0
0.486432,0.143507,3.927246,0.086975,3.840271,346.396077,0.507139,16.323511,6.885182,0.173042,0.247728,3.635864,0.082153,3.553711,148.061188,0.302079,11.732358,6.635515,0.450267,0.160598,3.828125,0.369751,3.458374,215.839238,0.478024,12.548886,6.873583,0
0.486734,0.140330,3.729492,0.330383,3.399109,311.953728,0.506540,15.778412,6.886301,0.171187,0.255929,3.896790,0.003235,3.893555,157.371145,0.307797,12.249106,6.629238,0.447789,0.175709,3.908508,0.085266,3.823242,205.752444,0.480997,12.920767,6.869163,0
0.489209,0.162215,3.973938,0.330078,3.643860,267.728669,0.515377,14.855524,6.880385,0.164040,0.172781,3.065735,0.005554,3.060181,186.418555,0.238186,12.987520,6.740800,0.445293,0.148789,3.419250,0.090393,3.328857,252.011073,0.469470,14.395089,6.879026,0
0.482508,0.107961,3.085266,0.302551,2.782715,364.070649,0.494427,17.271343,6.894124,0.165281,0.182794,3.895813,0.083130,3.812683,235.263903,0.246369,14.039145,6.729619,0.443332,0.129116,3.339417,0.332703,3.006714,274.120085,0.461734,14.300833,6.884352,0
0.482766,0.093060,1.755188,0.051819,1.703369,107.250423,0.491645,9.941032,6.895159,0.166522,0.201708,3.171204,0.080200,3.091004,159.207043,0.261486,12.233120,6.701961,0.448673,0.148895,3.204163,0.330017,2.874146,165.034413,0.472710,11.336264,6.876805,0
0.485671,0.134422,3.739441,0.331360,3.408081,373.046295,0.503912,17.479672,6.888508,0.170191,0.181966,2.587219,0.081665,2.505554,94.229638,0.249085,9.246523,6.705541,0.444962,0.138465,2.833008,0.329712,2.503296,183.466655,0.465988,12.369529,6.881135,0
0.488648,0.140388,3.446594,0.332458,3.114136,225.389769,0.508395,13.275200,6.885008,0.162252,0.172071,3.364563,0.117126,3.247437,250.857528,0.236442,14.943334,6.750857,0.444328,0.144224,3.843506,0.329590,3.513916,328.647751,0.467127,15.849820,6.880900,0
0.483453,0.090360,1.482544,0.335022,1.147522,96.560534,0.491816,9.747097,6.896035,0.164427,0.187939,3.917297,0.078308,3.838989,231.688252,0.249644,14.051382,6.723150,0.447292,0.167184,3.908508,0.303467,3.605041,225.127304,0.477486,13.346821,6.872419,0
0.490764,0.177553,3.828186,0.289795,3.538391,218.379059,0.521865,13.849325,6.876032,0.171255,0.244059,3.429565,0.083679,3.345886,135.704554,0.298050,11.460421,6.640646,0.446041,0.137353,3.253235,0.291565,2.961670,196.880791,0.466690,12.012481,6.880598,0
0.488306,0.172497,3.833435,0.333313,3.500122,290.977295,0.517850,16.044817,6.879020,0.169976,0.231510,3.661438,0.122192,3.539246,164.070741,0.287115,12.387512,6.663426,0.446490,0.131745,2.466125,0.276855,2.189270,102.768091,0.465502,9.320647,6.881104,0
0.489311,0.153834,3.970520,0.330444,3.640076,287.058877,0.512901,14.950338,6.882315,0.175853,0.260095,3.920227,0.052551,3.867676,136.995895,0.313857,11.174190,6.610628,0.451204,0.185617,3.729797,0.311707,3.418090,178.292731,0.487857,12.205407,6.865609,0
0.483438,0.092408,1.494446,0.266174,1.228272,93.391886,0.492182,9.534864,6.895455,0.175321,0.271714,3.921753,0.040405,3.881348,143.186420,0.323252,11.600260,6.601904,0.447204,0.152672,3.831299,0.336853,3.494446,262.959091,0.472522,14.041679,6.877313,0
0.486235,0.115404,1.989563,0.286316,1.703247,100.289605,0.499729,9.750534,6.890064,0.156457,0.104733,1.983032,0.079895,1.903137,180.268013,0.188247,13.028697,6.824721,0.451457,0.193336,3.909485,0.338013,3.571472,198.908341,0.491075,12.968198,6.864013,0
0.484066,0.126687,3.474548,0.134216,3.340332,331.549541,0.500353,16.114450,6.889290,0.162298,0.156183,3.398682,0.084167,3.314515,229.268882,0.225187,13.835678,6.763399,0.441694,0.126313,3.556946,0.310730,3.246216,385.839327,0.459383,17.243787,6.886496,0
0.486865,0.142220,3.834778,0.331360,3.503418,331.769296,0.507192,16.260836,6.886033,0.171531,0.240383,3.664368,0.122620,3.541748,153.748435,0.295210,11.991188,6.649061,0.445486,0.116839,1.833862,0.318604,1.515258,77.210557,0.460538,8.282152,6.885278,0
0.483438,0.132945,3.833923,0.333008,3.500915,447.552929,0.501367,19.715032,6.889944,0.167376,0.192567,3.661438,0.081360,3.580078,183.187069,0.255068,12.601469,6.711347,0.445497,0.169189,3.861572,0.333313,3.528259,326.424189,0.476512,16.920584,6.875511,0
0.488914,0.182227,3.843140,0.332336,3.510804,244.370014,0.521738,15.028394,6.876124,0.166658,0.205775,3.661438,0.058289,3.603149,204.923121,0.264718,13.582691,6.701631,0.448003,0.173801,3.833740,0.333313,3.500427,248.216182,0.480504,14.393930,6.871659,0
0.487502,0.134217,3.085266,0.330078,2.755188,211.258769,0.505622,13.287444,6.886816,0.168291,0.196467,3.459534,0.083313,3.376221,156.399278,0.258617,11.784592,6.702272,0.442295,0.108182,2.090149,0.316162,1.773987,119.075472,0.455320,10.059812,6.888737,0
0.488652,0.143029,3.323547,0.333313,2.990234,200.242473,0.509134,12.797246,6.884246,0.177246,0.267343,3.583496,0.080933,3.502563,103.544293,0.320651,9.955241,6.590533,0.442884,0.124760,3.079407,0.328918,2.750489,225.898512,0.460104,13.045868,6.885071,0
0.489777,0.164898,3.833862,0.290344,3.543518,221.349232,0.516765,13.528631,6.878781,0.171401,0.256997,3.833313,0.081787,3.751526,163.563919,0.308804,12.541655,6.633746,0.442263,0.097468,1.793884,0.333313,1.460571,90.995239,0.452866,8.725724,6.891169,0
0.490519,0.178532,3.739563,0.342468,3.397095,216.664774,0.521968,13.910344,6.876013,0.159181,0.136985,3.090149,0.078552,3.011597,272.709871,0.209963,15.425551,6.793728,0.448959,0.181659,3.726440,0.302002,3.424438,226.438934,0.484284,13.992351,6.869234,0
0.482872,0.117812,3.036438,0.083313,2.953125,276.719109,0.497022,15.241954,6.891236,0.169863,0.226363,3.631165,0.087219,3.543946,153.316356,0.282918,11.943644,6.666355,0.444482,0.138379,3.635071,0.093262,3.541809,298.731929,0.465504,14.805728,6.881580,0
0.491026,0.164587,3.333313,0.451416,2.881897,163.342548,0.517849,12.012702,6.878277,0.174530,0.255058,3.887024,0.123230,3.763794,146.199874,0.308950,11.551303,6.621976,0.447006,0.162995,3.737488,0.321777,3.415711,255.137606,0.475768,14.511014,6.875016,0
0.486258,0.118375,2.831360,0.340576,2.490784,189.367485,0.500445,12.417725,6.890295,0.169441,0.206860,3.895813,0.087036,3.808777,196.702109,0.267317,12.835625,6.691126,0.451082,0.193119,3.584290,0.334778,3.249512,159.436106,0.490645,11.886859,6.863274,0
0.485084,0.135169,3.814575,0.333069,3.481506,385.679915,0.503547,17.544787,6.888143,0.167365,0.228133,3.895508,0.062988,3.832520,185.685086,0.282849,13.216204,6.674989,0.451436,0.204382,3.831970,0.333313,3.498657,200.900820,0.495505,13.327506,6.861137,0
0.488116,0.130323,2.973999,0.332520,2.641479,167.157098,0.505197,11.652744,6.886948,0.160562,0.130644,2.589172,0.123047,2.466125,173.674229,0.206956,12.367314,6.791557,0.442513,0.122798,3.332336,0.338745,2.993591,325.931372,0.459219,15.676399,6.886749,0
0.489003,0.155107,3.419250,0.333679,3.085571,188.345697,0.512990,12.692090,6.881138,0.171670,0.250602,3.834534,0.057922,3.776612,155.723839,0.303660,12.126315,6.636897,0.452492,0.207713,3.895508,0.331360,3.564148,191.141171,0.497846,12.897563,6.859207,0
0.497391,0.221836,3.951965,0.329956,3.622009,153.495248,0.544572,11.799572,6.860936,0.162556,0.179223,3.833313,0.086731,3.746582,252.247095,0.241895,14.979945,6.743751,0.446246,0.154565,3.830139,0.252319,3.577820,273.556158,0.472231,14.632840,6.877206,0
0.491620,0.174454,3.833679,0.330200,3.503479,198.967541,0.521627,12.956826,6.875942,0.160317,0.150194,3.706909,0.078430,3.628479,337.603884,0.219630,16.576875,6.778432,0.448245,0.145883,3.352295,0.299622,3.052673,184.285730,0.471364,11.720319,6.877881,0
0.490473,0.173582,3.340149,0.333191,3.006958,187.582291,0.520254,13.107259,6.876836,0.163537,0.157591,2.692749,0.082153,2.610596,137.117797,0.227056,11.208548,6.752358,0.440039,0.089960,1.479797,0.089905,1.389892,82.585808,0.449131,8.156755,6.892729,0
0.481970,0.091310,1.885132,0.165344,1.719788,129.063216,0.490535,10.849726,6.895924,0.162896,0.163254,3.580383,0.086182,3.494201,234.548275,0.230565,14.005937,6.755785,0.449375,0.138180,2.411133,0.371765,2.039368,94.742175,0.470120,8.934078,6.878812,0
0.490514,0.174685,3.583313,0.328430,3.254883,194.545761,0.520662,13.180572,6.876361,0.168284,0.222353,3.921143,0.051941,3.869202,188.306480,0.278767,13.125899,6.679636,0.450577,0.172135,3.739319,0.338257,3.401062,188.500727,0.482307,12.345493,6.870296,0
0.491055,0.173077,3.971008,0.329102,3.641906,234.771929,0.520635,13.925351,6.876772,0.168482,0.231897,3.890198,0.081482,3.808716,179.537347,0.286546,12.985494,6.668132,0.447416,0.156861,3.831116,0.309814,3.521302,253.784240,0.474091,14.005244,6.876123,0
0.487062,0.142247,3.833313,0.083435,3.749878,326.617199,0.507388,15.932230,6.885498,0.170055,0.214194,3.393860,0.087646,3.306214,145.392574,0.273408,11.520261,6.678196,0.444920,0.157265,3.579407,0.330566,3.248841,290.489249,0.471870,15.762202,6.877878,0
0.484720,0.097755,1.551270,0.330994,1.220276,90.628351,0.494468,9.474925,6.743484,0.162156,0.158227,2.591614,0.013123,2.578491,166.230647,0.226498,12.399997,6.606397,0.444425,0.125696,2.708191,0.332275,2.375916,152.723027,0.461838,10.934137,6.733027,0
0.458489,0.012051,0.483093,0.432861,0.050232,1.093323,0.458647,0.037179,6.907410,0.112506,0.014458,0.145508,0.083435,0.062073,1.084587,0.113430,0.162312,6.899521,0.354381,0.036758,0.432129,0.279358,0.152771,1.122328,0.356280,0.099853,6.902382,1
0.459645,0.011939,0.482117,0.436829,0.045288,1.160503,0.459799,0.010187,6.907418,0.112292,0.014386,0.140076,0.087097,0.052979,1.192802,0.113209,0.178657,6.899581,0.353472,0.036504,0.424866,0.291199,0.133667,1.186152,0.355350,0.135562,6.902436,1
0.459757,0.012089,0.483948,0.436768,0.047180,1.127217,0.459916,0.022922,6.907410,0.112727,0.014770,0.144592,0.088013,0.056579,1.186945,0.113690,0.156086,6.899195,0.354042,0.037685,0.424500,0.289368,0.135132,1.223735,0.356040,0.110303,6.902099,1
0.458494,0.011972,0.482788,0.435120,0.047668,1.060386,0.458650,0.070642,6.907415,0.112570,0.014173,0.140930,0.083740,0.057190,1.184331,0.113458,0.111352,6.899836,0.354434,0.036156,0.421204,0.283264,0.137940,1.191384,0.356271,0.092365,6.902558,1
0.459425,0.012004,0.483521,0.436035,0.047486,1.149763,0.459581,0.006063,6.907414,0.112508,0.014535,0.142334,0.086426,0.055908,1.136669,0.113442,0.179119,6.899440,0.353864,0.036683,0.429504,0.281982,0.147522,1.130424,0.355759,0.141230,6.902396,1
0.459782,0.012086,0.482544,0.436035,0.046509,1.171686,0.459941,0.005920,6.907410,0.112446,0.014787,0.143372,0.084656,0.058716,1.089380,0.113413,0.145332,6.899126,0.353371,0.037738,0.435303,0.282471,0.152832,1.188906,0.355378,0.123645,6.902064,1
0.458350,0.011988,0.482727,0.437561,0.045166,1.148744,0.458506,0.009440,6.907414,0.112343,0.014342,0.140808,0.086731,0.054077,1.160470,0.113254,0.129863,6.899619,0.353862,0.036741,0.423401,0.286743,0.136658,1.217353,0.355762,0.061852,6.902365,1
0.459437,0.011838,0.484009,0.435059,0.048950,1.167143,0.459590,0.015005,6.907424,0.112569,0.014609,0.142395,0.082520,0.059875,1.094465,0.113512,0.107624,6.899337,0.353767,0.037003,0.429871,0.283691,0.146180,1.181358,0.355695,0.100636,6.902292,1
0.459499,0.012128,0.482910,0.435486,0.047424,1.148831,0.459659,0.024685,6.907407,0.111633,0.014453,0.140991,0.085876,0.055115,1.187114,0.112564,0.151123,6.899395,0.351526,0.036789,0.425293,0.282532,0.142761,1.173361,0.353444,0.117219,6.902289,1
0.458010,0.012069,0.481750,0.435181,0.046569,1.126453,0.458169,0.051801,6.907409,0.111672,0.014267,0.139160,0.087158,0.052002,1.159991,0.112579,0.127865,6.899607,0.352488,0.036572,0.418884,0.287476,0.131408,1.216925,0.354378,0.084025,6.902377,1
0.458986,0.011831,0.483521,0.436768,0.046753,1.144100,0.459139,0.011126,6.907423,0.111815,0.014459,0.141174,0.082520,0.058654,1.170244,0.112745,0.129764,6.899408,0.352255,0.036386,0.420410,0.282288,0.138122,1.179375,0.354127,0.102768,6.902427,1
0.459870,0.012021,0.485291,0.436218,0.049073,1.145558,0.460027,0.018590,6.907414,0.112199,0.014677,0.141785,0.087402,0.054383,1.216252,0.113154,0.145330,6.899219,0.352663,0.037476,0.427673,0.285400,0.142273,1.188252,0.354647,0.118192,6.902119,1
0.457743,0.011861,0.480042,0.436707,0.043335,1.170621,0.457896,0.040401,6.907420,0.110980,0.014181,0.139954,0.085388,0.054566,1.167210,0.111882,0.190731,6.899626,0.350466,0.036403,0.421936,0.283447,0.138489,1.193434,0.352350,0.135845,6.902374,1
0.458482,0.011877,0.481384,0.435059,0.046325,1.153697,0.458636,0.005465,6.907420,0.111036,0.014353,0.140991,0.086853,0.054138,1.145877,0.111959,0.203304,6.899441,0.350308,0.036364,0.422241,0.286621,0.135620,1.171088,0.352189,0.141437,6.902382,1
0.459646,0.011995,0.484680,0.437500,0.047180,1.126607,0.459802,0.018191,6.907415,0.111647,0.014729,0.139954,0.083130,0.056824,1.168609,0.112614,0.091290,6.899050,0.351492,0.037347,0.423157,0.288879,0.134278,1.248308,0.353469,0.088084,6.902115,1
0.457971,0.012035,0.481628,0.436035,0.045593,1.142983,0.458129,0.054803,6.907410,0.111573,0.014248,0.139099,0.086426,0.052673,1.193405,0.112478,0.171113,6.899630,0.351884,0.036249,0.422058,0.284180,0.137878,1.180150,0.353744,0.142783,6.902464,1
0.458747,0.011854,0.482788,0.435608,0.047180,1.126173,0.458900,0.023139,6.907422,0.111440,0.014322,0.140686,0.086914,0.053772,1.207244,0.112356,0.135118,6.899513,0.351224,0.036276,0.419495,0.287048,0.132447,1.256869,0.353091,0.125816,6.902433,1
0.459597,0.011988,0.481689,0.437317,0.044372,1.187226,0.459753,0.018733,6.907415,0.111732,0.014622,0.139587,0.086731,0.052856,1.197900,0.112684,0.161694,6.899218,0.351677,0.036982,0.427429,0.285461,0.141968,1.215354,0.353614,0.116182,6.902236,1
0.458152,0.011856,0.480774,0.434753,0.046021,1.103974,0.458305,0.006617,6.907421,0.111809,0.014332,0.139587,0.086792,0.052795,1.195999,0.112723,0.125333,6.899552,0.352483,0.036984,0.423584,0.287231,0.136353,1.246147,0.354417,0.107974,6.902259,1
0.458513,0.011799,0.480652,0.434570,0.046082,1.108115,0.458665,0.011562,6.907424,0.111114,0.014460,0.137939,0.084290,0.053649,1.185612,0.112050,0.153949,6.899309,0.350429,0.036549,0.427612,0.278198,0.149414,1.149491,0.352328,0.151629,6.902332,1
0.459417,0.012026,0.482422,0.436829,0.045593,1.201732,0.459574,0.006108,6.907413,0.110751,0.014706,0.142212,0.081787,0.060425,1.109547,0.111723,0.169665,6.898966,0.349224,0.037529,0.427917,0.276001,0.151916,1.182511,0.351233,0.133662,6.901994,1
0.457582,0.012031,0.483643,0.436462,0.047181,1.174153,0.457740,0.037116,6.907410,0.110593,0.014342,0.139038,0.084961,0.054077,1.173254,0.111519,0.141324,6.899364,0.349809,0.036684,0.416382,0.280334,0.136048,1.236728,0.351726,0.100875,6.902264,1
0.458353,0.011880,0.483398,0.435547,0.047851,1.114405,0.458507,0.074093,6.907420,0.110711,0.014068,0.138794,0.085815,0.052979,1.181322,0.111600,0.176599,6.899712,0.349558,0.035795,0.423401,0.287231,0.136170,1.232862,0.351384,0.138263,6.902526,1
0.459386,0.012098,0.481750,0.437134,0.044616,1.170678,0.459546,0.005149,6.907409,0.110887,0.014695,0.139709,0.084045,0.055664,1.215592,0.111856,0.155746,6.898998,0.349826,0.037120,0.420044,0.284241,0.135803,1.215495,0.351788,0.153516,6.902143,1
0.457840,0.012067,0.481812,0.435974,0.045838,1.152414,0.457999,0.035340,6.907408,0.111161,0.014332,0.139832,0.084106,0.055726,1.102519,0.112080,0.175876,6.899472,0.351005,0.036618,0.420349,0.284485,0.135864,1.155921,0.352908,0.104075,6.902321,1
0.458572,0.011740,0.482544,0.436279,0.046265,1.109562,0.458722,0.016107,6.907428,0.111250,0.014337,0.140747,0.085571,0.055176,1.176951,0.112169,0.144618,6.899469,0.350588,0.036487,0.418091,0.281738,0.136353,1.196489,0.352480,0.094042,6.902345,1
0.459347,0.012019,0.482727,0.437622,0.045105,1.157585,0.459504,0.037934,6.907413,0.110977,0.014703,0.138306,0.086182,0.052124,1.237309,0.111946,0.129436,6.898993,0.349635,0.037250,0.419250,0.281372,0.137878,1.234879,0.351611,0.113815,6.902090,1
0.457803,0.012012,0.480957,0.435364,0.045593,1.168296,0.457960,0.039486,6.907411,0.110816,0.014217,0.141113,0.084595,0.056518,1.204340,0.111723,0.152293,6.899548,0.350048,0.035964,0.422607,0.288696,0.133911,1.207914,0.351889,0.148344,6.902493,1
0.458226,0.011686,0.481567,0.435181,0.046386,1.117944,0.458375,0.035366,6.907430,0.110466,0.014103,0.138245,0.086609,0.051636,1.176138,0.111362,0.146592,6.899625,0.349245,0.036441,0.420837,0.281189,0.139648,1.225626,0.351139,0.129197,6.902324,1
0.459302,0.011966,0.481567,0.436035,0.045532,1.153017,0.459457,0.022840,6.907416,0.110911,0.014695,0.138672,0.085083,0.053589,1.240219,0.111879,0.143299,6.898997,0.349724,0.037311,0.418762,0.280334,0.138428,1.255269,0.351706,0.111980,6.902074,1
0.457729,0.012129,0.480225,0.436096,0.044129,1.147273,0.457890,0.069784,6.907405,0.110840,0.014350,0.137939,0.084961,0.052978,1.188353,0.111764,0.135898,6.899390,0.350044,0.035929,0.422180,0.288147,0.134033,1.212413,0.351882,0.143550,6.902502,1
0.458224,0.011773,0.483887,0.435486,0.048401,1.081055,0.458375,0.058435,6.907426,0.110079,0.014021,0.137390,0.082214,0.055176,1.187747,0.110967,0.110055,6.899650,0.348140,0.036468,0.425842,0.275757,0.150085,1.170182,0.350042,0.103273,6.902276,1
0.459104,0.011959,0.482056,0.437500,0.044556,1.149494,0.459259,0.055147,6.907416,0.110503,0.014873,0.140869,0.084656,0.056213,1.199226,0.111499,0.133047,6.898712,0.348687,0.037789,0.416138,0.276001,0.140137,1.268972,0.350727,0.091761,6.901888,1
0.457486,0.011966,0.482666,0.434387,0.048279,1.058640,0.457642,0.095196,6.907414,0.110474,0.014169,0.139648,0.085571,0.054077,1.138121,0.111378,0.163232,6.899555,0.349228,0.036345,0.434692,0.282654,0.152038,1.160803,0.351112,0.176155,6.902361,1
0.458615,0.011968,0.482910,0.435242,0.047668,1.180704,0.458771,0.007218,6.907415,0.110777,0.014530,0.138306,0.081787,0.056519,1.122537,0.111725,0.118916,6.899161,0.349394,0.036427,0.415894,0.277405,0.138489,1.184017,0.351286,0.074215,6.902322,1
0.459144,0.012031,0.482727,0.434692,0.048035,1.121487,0.459301,0.021250,6.907412,0.110689,0.014823,0.140991,0.083984,0.057007,1.142178,0.111676,0.149415,6.898808,0.349033,0.037758,0.419495,0.282532,0.136963,1.229730,0.351067,0.113311,6.901914,1
0.457396,0.012086,0.481873,0.432190,0.049683,1.175414,0.457556,0.035548,6.907407,0.110281,0.014236,0.140381,0.083313,0.057068,1.014985,0.111196,0.197184,6.899458,0.348872,0.036697,0.428162,0.281555,0.146607,1.140559,0.350795,0.133934,6.902236,1
0.458475,0.011754,0.480408,0.434998,0.045410,1.141227,0.458625,0.030265,6.907427,0.109957,0.014487,0.137634,0.084534,0.053100,1.227340,0.110906,0.168940,6.899105,0.347728,0.036787,0.417297,0.280701,0.136596,1.186605,0.349666,0.138816,6.902174,1
0.458682,0.012196,0.482178,0.434204,0.047974,1.171822,0.458844,0.058920,6.907402,0.110183,0.014661,0.142395,0.081177,0.061218,1.087451,0.111153,0.143091,6.898918,0.348177,0.037359,0.427551,0.276978,0.150573,1.159387,0.350173,0.112519,6.902007,1
0.457423,0.011913,0.479980,0.436279,0.043701,1.222518,0.457578,0.029830,6.907416,0.110086,0.014492,0.141846,0.085083,0.056763,1.175736,0.111035,0.179680,6.899123,0.348695,0.036969,0.421265,0.280884,0.140381,1.220826,0.350647,0.132128,6.902148,1
0.458583,0.011823,0.482971,0.437378,0.045593,1.135529,0.458735,0.072360,6.907423,0.109855,0.014348,0.138000,0.084290,0.053710,1.203262,0.110788,0.134118,6.899241,0.347343,0.036039,0.416260,0.284851,0.131409,1.208886,0.349206,0.098541,6.902379,1
0.458261,0.012137,0.481689,0.432983,0.048706,1.137299,0.458421,0.032237,6.907405,0.109504,0.014419,0.138367,0.085022,0.053345,1.225937,0.110448,0.157794,6.899111,0.346849,0.036629,0.417786,0.283936,0.133850,1.212179,0.348776,0.149547,6.902196,1
0.457389,0.011886,0.480103,0.433533,0.046570,1.137934,0.457543,0.008435,6.907418,0.110004,0.014298,0.138245,0.086304,0.051941,1.184845,0.110928,0.135143,6.899323,0.348495,0.036954,0.415955,0.283447,0.132508,1.239981,0.350447,0.101511,6.902141,1
0.458808,0.011782,0.481323,0.437683,0.043640,1.174138,0.458959,0.014786,6.907426,0.110150,0.014444,0.138794,0.085266,0.053528,1.195492,0.111092,0.155124,6.899180,0.347783,0.036384,0.418701,0.282104,0.136597,1.210380,0.349679,0.113656,6.902292,1
0.458273,0.012282,0.483093,0.435486,0.047607,1.153281,0.458438,0.035129,6.907397,0.109976,0.014563,0.138977,0.082703,0.056274,1.181088,0.110935,0.167709,6.899016,0.347876,0.036970,0.435730,0.286377,0.149353,1.139051,0.349833,0.179880,6.902130,1
0.457134,0.011778,0.479248,0.435364,0.043884,1.173041,0.457286,0.013500,6.907424,0.109459,0.014133,0.138367,0.083069,0.055298,1.136575,0.110367,0.174166,6.899449,0.347261,0.036408,0.414734,0.277344,0.137390,1.201758,0.349162,0.086214,6.902263,1
0.458897,0.011806,0.481628,0.435913,0.045715,1.100294,0.459049,0.004752,6.907425,0.109858,0.014433,0.137024,0.085815,0.051209,1.223888,0.110801,0.132164,6.899141,0.347147,0.036672,0.423340,0.279663,0.143677,1.238710,0.349077,0.125464,6.902188,1
0.457966,0.012175,0.481750,0.435608,0.046142,1.212498,0.458127,0.043624,6.907402,0.109391,0.014594,0.140137,0.084412,0.055725,1.146830,0.110359,0.165185,6.898883,0.346550,0.036861,0.415100,0.277405,0.137695,1.253782,0.348503,0.112930,6.902108,1
0.457358,0.011803,0.480469,0.434998,0.045471,1.103836,0.457510,0.039983,6.907423,0.109929,0.014108,0.142090,0.085571,0.056519,1.153674,0.110830,0.156802,6.899542,0.348309,0.036413,0.419006,0.284058,0.134948,1.197704,0.350205,0.146573,6.902306,1
0.459041,0.011940,0.483093,0.437195,0.045898,1.159848,0.459196,0.039950,6.907417,0.109927,0.014414,0.138794,0.084656,0.054138,1.192364,0.110867,0.156651,6.899182,0.347405,0.036409,0.418335,0.284241,0.134094,1.203145,0.349305,0.116981,6.902273,1
0.458019,0.012160,0.481018,0.436218,0.044800,1.139866,0.458181,0.003040,6.907403,0.110053,0.014613,0.137146,0.085022,0.052124,1.250926,0.111018,0.152711,6.898964,0.347905,0.037024,0.417786,0.281616,0.136170,1.262777,0.349868,0.128133,6.902106,1
0.457141,0.011767,0.480469,0.434692,0.045777,1.133028,0.457292,0.025832,6.907424,0.109057,0.014312,0.138794,0.084656,0.054138,1.143634,0.109991,0.193993,6.899181,0.346026,0.036469,0.424438,0.281250,0.143188,1.200216,0.347940,0.131567,6.902214,1
0.458735,0.011867,0.481445,0.435730,0.045715,1.133481,0.458889,0.003414,6.907421,0.109233,0.014329,0.138611,0.083618,0.054993,1.223436,0.110168,0.160858,6.899177,0.346010,0.036710,0.414917,0.283875,0.131042,1.237471,0.347950,0.123059,6.902139,1
0.457350,0.012088,0.482605,0.435242,0.047363,1.161460,0.457509,0.029713,6.907406,0.109234,0.014242,0.136780,0.084473,0.052307,1.185896,0.110157,0.149848,6.899276,0.346273,0.036581,0.420776,0.280823,0.139953,1.221951,0.348198,0.081888,6.902178,1
0.457354,0.011749,0.479980,0.435059,0.044921,1.121073,0.457505,0.069430,6.907426,0.109477,0.014120,0.139587,0.085205,0.054382,1.168317,0.110383,0.175071,6.899467,0.346601,0.035827,0.416321,0.287231,0.129090,1.241038,0.348446,0.152865,6.902430,1
0.459114,0.011975,0.481384,0.436951,0.044433,1.150326,0.459270,0.011803,6.907415,0.109573,0.014697,0.140808,0.083435,0.057373,1.181961,0.110553,0.151571,6.898781,0.346128,0.037147,0.416992,0.270386,0.146606,1.198532,0.348113,0.136317,6.902010,1
0.457175,0.012130,0.483276,0.435181,0.048095,1.098671,0.457335,0.047428,6.907404,0.109391,0.014327,0.138733,0.084106,0.054627,1.150255,0.110325,0.140020,6.899195,0.346842,0.037038,0.417419,0.280029,0.137390,1.204512,0.348812,0.101938,6.902060,1
0.457659,0.011850,0.481628,0.434998,0.046630,1.189997,0.457812,0.008749,6.907420,0.109343,0.014355,0.138489,0.083069,0.055420,1.162809,0.110280,0.173631,6.899166,0.346252,0.036219,0.414490,0.276245,0.138245,1.233726,0.348140,0.136276,6.902298,1
0.458988,0.011922,0.482361,0.436523,0.045838,1.140298,0.459142,0.006738,6.907418,0.109650,0.014585,0.138611,0.085083,0.053528,1.233749,0.110615,0.150405,6.898931,0.346759,0.037444,0.415955,0.282837,0.133118,1.231313,0.348772,0.134517,6.901939,1
0.457247,0.012025,0.481445,0.433655,0.047790,1.132144,0.457404,0.011720,6.907410,0.109560,0.014232,0.136597,0.085205,0.051392,1.204097,0.110480,0.150045,6.899339,0.347295,0.036700,0.418884,0.280334,0.138550,1.234387,0.349227,0.104596,6.902180,1
0.458565,0.011664,0.481628,0.436035,0.045593,1.104631,0.458713,0.061477,6.552185,0.109215,0.014228,0.136292,0.084534,0.051758,1.191949,0.110136,0.137994,6.544042,0.345655,0.035746,0.410278,0.284546,0.125732,1.237265,0.347496,0.122040,6.547174,1
0.438866,0.011123,0.461182,0.418274,0.042908,1.164720,0.439007,0.030277,6.907434,0.034969,0.011342,0.055908,0.012451,0.043457,1.240952,0.036760,0.027454,6.853235,0.164277,0.029998,0.222595,0.108948,0.113647,1.267155,0.166991,0.036210,6.890897,2
0.440634,0.011369,0.461182,0.416687,0.044495,1.225665,0.440781,0.030381,6.907423,0.035166,0.011323,0.056396,0.015381,0.041015,1.255678,0.036943,0.005273,6.854294,0.164709,0.029890,0.216003,0.105103,0.110900,1.349426,0.167397,0.018675,6.891133,2
0.441706,0.011524,0.463257,0.418579,0.044678,1.255190,0.441856,0.054246,6.907415,0.035264,0.011519,0.057068,0.013672,0.043396,1.301847,0.037096,0.008029,6.852744,0.165129,0.030308,0.218201,0.102600,0.115601,1.384717,0.167885,0.022631,6.890747,2
0.442061,0.011285,0.462524,0.420227,0.042297,1.272871,0.442205,0.035160,6.907430,0.035242,0.011621,0.056213,0.014954,0.041259,1.332978,0.037107,0.007827,6.851591,0.164745,0.030479,0.217529,0.109802,0.107727,1.397131,0.167538,0.039535,6.890455,2
0.441042,0.010907,0.461609,0.423157,0.038452,1.298456,0.441177,0.006536,6.907450,0.034951,0.011012,0.053711,0.016968,0.036743,1.411502,0.036643,0.013033,6.856833,0.164282,0.029144,0.213806,0.116760,0.097046,1.379059,0.166845,0.027128,6.891872,2
0.439332,0.010653,0.461304,0.421265,0.040039,1.232530,0.439461,0.013314,6.907461,0.034954,0.010686,0.052856,0.016418,0.036438,1.421092,0.036549,0.042418,6.859610,0.164284,0.028484,0.218384,0.113281,0.105103,1.273976,0.166732,0.092747,6.892523,2
0.437806,0.010573,0.456482,0.418945,0.037537,1.141295,0.437934,0.012522,6.907464,0.034897,0.010777,0.052429,0.016418,0.036011,1.377542,0.036522,0.080340,6.858352,0.164076,0.028843,0.210938,0.115051,0.095887,1.293107,0.166589,0.053513,6.892129,2
0.438383,0.010788,0.458862,0.418152,0.040710,1.052868,0.438516,0.055679,6.907453,0.034902,0.010960,0.053711,0.017029,0.036682,1.362185,0.036581,0.052983,6.856758,0.163849,0.029366,0.214355,0.112183,0.102172,1.266858,0.166457,0.023436,6.891534,2
0.440388,0.011193,0.461975,0.418579,0.043396,0.988045,0.440530,0.074345,6.907432,0.035033,0.011135,0.055664,0.016724,0.038940,1.312940,0.036758,0.051720,6.855419,0.164417,0.029578,0.214050,0.112061,0.101989,1.271256,0.167054,0.007848,6.891427,2
0.441816,0.011468,0.464722,0.419250,0.045472,1.013235,0.441965,0.039000,6.907419,0.035259,0.011387,0.055054,0.015442,0.039612,1.297291,0.037050,0.038358,6.853725,0.164590,0.030062,0.214111,0.111511,0.102600,1.283189,0.167310,0.021483,6.890906,2
0.441815,0.011249,0.463379,0.420593,0.042786,1.053034,0.441958,0.021559,6.907431,0.035252,0.011593,0.054810,0.015198,0.039612,1.300381,0.037108,0.000734,6.851916,0.164719,0.030694,0.216248,0.114868,0.101380,1.317989,0.167552,0.002395,6.890235,2
0.441527,0.010822,0.462952,0.422791,0.040161,1.139080,0.441659,0.045133,6.907455,0.034960,0.011307,0.053589,0.014282,0.039307,1.262881,0.036742,0.002188,6.853746,0.163887,0.030042,0.214294,0.115234,0.099060,1.382356,0.166615,0.040910,6.890771,2
0.439824,0.010548,0.459656,0.421143,0.038513,1.216530,0.439950,0.056262,6.907468,0.034796,0.010946,0.052246,0.016174,0.036072,1.311437,0.036475,0.012177,6.856769,0.163631,0.029099,0.212280,0.116821,0.095459,1.412484,0.166196,0.036721,6.891787,2
0.438203,0.010629,0.456116,0.420044,0.036072,1.296382,0.438331,0.065581,6.907461,0.034982,0.010802,0.053589,0.017212,0.036377,1.315591,0.036610,0.067476,6.858378,0.164059,0.028477,0.207092,0.113159,0.093933,1.395028,0.166509,0.079160,6.892510,2
0.438208,0.010809,0.457397,0.418579,0.038818,1.301371,0.438341,0.039642,6.907451,0.034756,0.011148,0.053345,0.015930,0.037415,1.383783,0.036499,0.039113,6.854576,0.163612,0.029602,0.211853,0.114685,0.097168,1.429952,0.166265,0.040815,6.891219,2
0.440017,0.011088,0.460205,0.420837,0.039368,1.303473,0.440157,0.022538,6.907438,0.035005,0.011221,0.053345,0.016724,0.036621,1.437180,0.036758,0.013795,6.854854,0.163984,0.029600,0.211975,0.116943,0.095032,1.398049,0.166631,0.020644,6.891314,2
0.441562,0.011538,0.461243,0.422180,0.039063,1.231782,0.441712,0.024464,6.907414,0.035123,0.011225,0.053162,0.015564,0.037598,1.420909,0.036872,0.017377,6.855141,0.164212,0.029483,0.217224,0.114929,0.102295,1.302190,0.166835,0.038110,6.891465,2
0.441980,0.011404,0.462341,0.421204,0.041137,1.141150,0.442127,0.038960,6.907423,0.035330,0.011594,0.054810,0.016541,0.038269,1.368408,0.037182,0.041549,6.851969,0.164422,0.030798,0.218079,0.110962,0.107117,1.263354,0.167279,0.001712,6.890048,2
0.441619,0.010985,0.461914,0.420837,0.041077,1.109070,0.441755,0.006931,6.907446,0.035125,0.011190,0.054260,0.017334,0.036926,1.342097,0.036862,0.024875,6.855355,0.164692,0.029892,0.215698,0.111023,0.104675,1.281561,0.167380,0.000197,6.891140,2
0.440018,0.010661,0.461182,0.420166,0.041016,1.105362,0.440147,0.013348,6.907462,0.034779,0.010884,0.054260,0.016235,0.038025,1.257292,0.036441,0.019900,6.857197,0.163571,0.029203,0.213745,0.112732,0.101013,1.266426,0.166155,0.025257,6.891707,2
0.438181,0.010550,0.458069,0.419373,0.038696,1.171142,0.438308,0.055562,6.907466,0.034696,0.010727,0.052490,0.014893,0.037597,1.217992,0.036315,0.034340,6.858321,0.163238,0.028966,0.210693,0.116028,0.094665,1.374656,0.165785,0.032400,6.891859,2
0.437666,0.010722,0.456909,0.419189,0.037720,1.183805,0.437798,0.028188,6.907455,0.034731,0.011053,0.052612,0.015198,0.037414,1.278055,0.036446,0.011222,6.855474,0.163363,0.029588,0.212524,0.115906,0.096618,1.426843,0.166018,0.027355,6.891197,2
0.439172,0.011021,0.459534,0.420837,0.038697,1.183762,0.439310,0.019169,6.907441,0.034857,0.011089,0.053528,0.016357,0.037171,1.313121,0.036577,0.007064,6.855680,0.164151,0.029847,0.214050,0.113037,0.101013,1.408271,0.166840,0.042013,6.891049,2
0.440959,0.011430,0.460693,0.419983,0.040710,1.267362,0.441107,0.027447,6.907420,0.034878,0.011249,0.053833,0.017029,0.036804,1.341918,0.036645,0.002562,6.854160,0.164123,0.029727,0.210510,0.113342,0.097168,1.427129,0.166791,0.022821,6.891200,2
0.441482,0.011427,0.461609,0.421814,0.039795,1.338797,0.441629,0.003004,6.907421,0.035121,0.011476,0.056519,0.016541,0.039978,1.349617,0.036947,0.005457,6.852673,0.164674,0.030332,0.213379,0.113220,0.100159,1.380663,0.167441,0.023304,6.890624,2
0.441424,0.011114,0.461548,0.422607,0.038941,1.309877,0.441564,0.011980,6.907439,0.035048,0.011427,0.054077,0.015869,0.038208,1.414223,0.036862,0.013644,6.852937,0.164274,0.030106,0.212646,0.113831,0.098815,1.386030,0.167007,0.017982,6.890803,2
0.440285,0.010690,0.458435,0.420105,0.038330,1.217266,0.440415,0.006171,6.907461,0.034895,0.010967,0.053284,0.015808,0.037476,1.384826,0.036576,0.038927,6.856759,0.164060,0.029163,0.215332,0.117126,0.098206,1.350659,0.166630,0.011044,6.891821,2
0.438376,0.010732,0.457153,0.418152,0.039001,1.112940,0.438507,0.048580,6.907456,0.034575,0.010757,0.052856,0.017334,0.035522,1.417651,0.036208,0.052128,6.857778,0.163135,0.028536,0.209534,0.114014,0.095520,1.298241,0.165609,0.024322,6.892313,2
0.437458,0.010823,0.459839,0.417786,0.042053,0.986383,0.437591,0.006516,6.907449,0.034734,0.010834,0.053040,0.017029,0.036011,1.343703,0.036383,0.058167,6.857408,0.163658,0.028918,0.212524,0.111267,0.101257,1.229476,0.166190,0.022335,6.891991,2
0.438877,0.011007,0.460876,0.418396,0.042480,1.015291,0.439015,0.022189,6.907441,0.034951,0.011101,0.053223,0.015320,0.037903,1.295204,0.036670,0.042474,6.855521,0.164385,0.029344,0.213074,0.111877,0.101197,1.248688,0.166981,0.024390,6.891663,2
0.440880,0.011417,0.462830,0.419556,0.043274,1.132742,0.441028,0.014182,6.907420,0.034968,0.011182,0.053833,0.015442,0.038391,1.251107,0.036711,0.012034,6.855070,0.164282,0.029607,0.215027,0.115234,0.099793,1.317853,0.166926,0.011025,6.891369,2
0.441611,0.011447,0.462769,0.422607,0.040162,1.177957,0.441759,0.024408,6.907420,0.035232,0.011315,0.054810,0.014832,0.039978,1.232156,0.037003,0.006387,6.854465,0.165040,0.030147,0.215881,0.115845,0.100036,1.368096,0.167768,0.013604,6.890919,2
0.441652,0.011165,0.461914,0.422058,0.039856,1.242859,0.441793,0.060308,6.907436,0.035217,0.011483,0.055664,0.014709,0.040955,1.304032,0.037040,0.011505,6.852969,0.164906,0.030156,0.215515,0.113464,0.102051,1.422225,0.167638,0.031415,6.890868,2
0.440707,0.010941,0.460571,0.421143,0.039428,1.283154,0.440843,0.021775,6.907447,0.035171,0.011050,0.053772,0.017578,0.036194,1.369307,0.036864,0.004956,6.857039,0.164718,0.028924,0.210144,0.116333,0.093811,1.415797,0.167236,0.028411,6.892199,2
0.438645,0.010566,0.457764,0.420654,0.037110,1.253146,0.438772,0.001121,6.907465,0.034951,0.010639,0.052368,0.016663,0.035705,1.405382,0.036533,0.053231,6.859962,0.164398,0.028464,0.213318,0.119080,0.094238,1.375828,0.166841,0.068733,6.892596,2
0.437551,0.010687,0.455444,0.420166,0.035278,1.223943,0.437681,0.055900,6.907457,0.035069,0.010941,0.051819,0.016357,0.035462,1.426752,0.036735,0.061869,6.857444,0.164120,0.029161,0.214478,0.116272,0.098206,1.307690,0.166688,0.063768,6.891780,2
0.438553,0.010921,0.458008,0.418884,0.039124,1.089451,0.438689,0.044335,6.907445,0.035088,0.011093,0.053894,0.016235,0.037659,1.373708,0.036798,0.066521,6.855970,0.164258,0.029566,0.214111,0.115662,0.098449,1.339091,0.166895,0.029396,6.891394,2
0.440753,0.011366,0.463196,0.418640,0.044556,1.042579,0.440899,0.055150,6.907423,0.035219,0.011122,0.054321,0.016541,0.037780,1.341711,0.036932,0.050517,6.856153,0.164800,0.029710,0.217163,0.111816,0.105347,1.275119,0.167454,0.030851,6.891334,2
0.441673,0.011628,0.464844,0.419495,0.045349,1.017054,0.441826,0.030483,6.907409,0.035297,0.011587,0.055664,0.016602,0.039062,1.333653,0.037149,0.002392,6.852184,0.164834,0.030193,0.216125,0.112305,0.103820,1.254722,0.167574,0.007350,6.890835,2
0.441829,0.011234,0.463196,0.421021,0.042175,1.091128,0.441972,0.033597,6.907432,0.035366,0.011603,0.054443,0.015808,0.038635,1.310757,0.037219,0.002927,6.852173,0.164836,0.030383,0.217957,0.112061,0.105896,1.302562,0.167610,0.009454,6.890608,2
0.440944,0.010915,0.463013,0.422668,0.040345,1.148595,0.441079,0.006611,6.907449,0.035008,0.010974,0.053833,0.015808,0.038025,1.249366,0.036686,0.012070,6.857205,0.163817,0.028979,0.213318,0.117371,0.095947,1.322319,0.166358,0.009089,6.891976,2
0.439358,0.010694,0.457825,0.420776,0.037049,1.265630,0.439488,0.060743,6.907459,0.034973,0.010776,0.052429,0.016479,0.035950,1.287339,0.036594,0.032969,6.858759,0.163838,0.028542,0.209595,0.116882,0.092713,1.392905,0.166303,0.041599,6.892432,2
0.437612,0.010732,0.456116,0.419556,0.036560,1.325460,0.437743,0.058312,6.907455,0.034809,0.010764,0.053589,0.017456,0.036133,1.322465,0.036434,0.036762,6.858407,0.163643,0.028681,0.208374,0.113220,0.095154,1.414594,0.166134,0.027416,6.892258,2
0.438480,0.010994,0.459229,0.419495,0.039734,1.331821,0.438617,0.023731,6.907441,0.034828,0.011013,0.054016,0.016968,0.037048,1.384085,0.036526,0.005814,6.856383,0.163803,0.029392,0.209961,0.112610,0.097351,1.416520,0.166416,0.052271,6.891480,2
0.440389,0.011232,0.461426,0.421631,0.039795,1.254866,0.440533,0.016968,6.907430,0.035161,0.011103,0.053406,0.016479,0.036927,1.414350,0.036871,0.018167,6.856424,0.164620,0.029429,0.213867,0.119324,0.094543,1.378846,0.167228,0.030265,6.891621,2
0.441633,0.011566,0.461731,0.421936,0.039795,1.203407,0.441784,0.011866,6.907413,0.035143,0.011265,0.054749,0.015625,0.039124,1.379278,0.036903,0.003470,6.854903,0.164445,0.029774,0.214844,0.114685,0.100159,1.286555,0.167116,0.030392,6.891192,2
0.441701,0.011150,0.462524,0.421509,0.041015,1.110074,0.441841,0.031032,6.907437,0.035139,0.011574,0.057312,0.016602,0.040710,1.362481,0.036994,0.014495,6.851719,0.164752,0.030801,0.215942,0.111206,0.104736,1.272225,0.167604,0.023909,6.890143,2
0.441154,0.010881,0.462402,0.421387,0.041015,1.092124,0.441288,0.006896,6.907451,0.035041,0.011201,0.054321,0.016724,0.037597,1.334505,0.036786,0.001139,6.855132,0.164025,0.029431,0.213074,0.113037,0.100037,1.289684,0.166642,0.026658,6.891549,2
0.439219,0.010642,0.459351,0.420715,0.038636,1.153988,0.439348,0.008173,6.907462,0.034956,0.010826,0.053162,0.015930,0.037232,1.249098,0.036593,0.025332,6.858236,0.164341,0.028354,0.212036,0.115906,0.096130,1.305280,0.166767,0.002998,6.892756,2
0.437701,0.010697,0.458191,0.420593,0.037598,1.215199,0.437831,0.025859,6.907457,0.034898,0.010830,0.052002,0.015686,0.036316,1.267296,0.036539,0.030441,6.858019,0.164030,0.028666,0.211853,0.117859,0.093994,1.365245,0.166514,0.065873,6.892309,2
0.438161,0.010815,0.457336,0.419922,0.037414,1.194273,0.438294,0.021610,6.907451,0.034954,0.011074,0.053589,0.015259,0.038330,1.318714,0.036665,0.015866,6.855984,0.164498,0.029588,0.213196,0.115540,0.097656,1.430136,0.167135,0.031483,6.891423,2
0.439974,0.011151,0.460449,0.420471,0.039978,1.229871,0.440115,0.023349,6.907434,0.035089,0.011132,0.054382,0.017395,0.036987,1.354642,0.036810,0.018063,6.855862,0.164734,0.029401,0.211060,0.113770,0.097290,1.400313,0.167335,0.039293,6.891667,2
0.441607,0.011351,0.462280,0.421814,0.040466,1.317197,0.441752,0.037932,6.907425,0.035403,0.011293,0.054138,0.016113,0.038025,1.362446,0.037159,0.056150,6.855050,0.165324,0.030315,0.213257,0.113281,0.099976,1.408845,0.168078,0.054856,6.890748,2
0.441746,0.011268,0.460754,0.423157,0.037597,1.310128,0.441890,0.014264,6.907430,0.035492,0.011608,0.053772,0.016113,0.037659,1.415740,0.037340,0.033251,6.852452,0.165422,0.030693,0.217651,0.117432,0.100219,1.374272,0.168242,0.027002,6.890365,2
0.441240,0.010855,0.460083,0.422119,0.037964,1.180085,0.441374,0.004182,6.907453,0.035366,0.011176,0.053711,0.016357,0.037354,1.400826,0.037088,0.028899,6.856264,0.165286,0.029653,0.216675,0.115234,0.101441,1.335297,0.167922,0.036291,6.891495,2
0.439681,0.010708,0.460449,0.418701,0.041748,0.992166,0.439812,0.051239,6.907459,0.035253,0.010898,0.053955,0.017151,0.036804,1.377565,0.036898,0.041999,6.858459,0.164769,0.029048,0.214783,0.113586,0.101197,1.302961,0.167308,0.015924,6.892075,2
0.438000,0.010594,0.459167,0.417969,0.041198,0.965374,0.438128,0.029665,6.907463,0.035190,0.010877,0.052734,0.016846,0.035888,1.319835,0.036832,0.076491,6.858219,0.165015,0.028734,0.212585,0.114502,0.098083,1.292415,0.167496,0.029144,6.892450,2
0.438172,0.010894,0.459473,0.418091,0.041382,0.970271,0.438307,0.007965,6.907446,0.034997,0.011032,0.053711,0.015564,0.038147,1.262735,0.036693,0.003573,6.856533,0.164151,0.029364,0.214905,0.115173,0.099732,1.298264,0.166754,0.016111,6.891639,2
0.440259,0.011214,0.460815,0.420959,0.039856,1.119450,0.440402,0.086493,6.907431,0.035362,0.011211,0.054016,0.015259,0.038757,1.263797,0.037095,0.027636,6.855776,0.165070,0.029734,0.218262,0.117798,0.100464,1.360638,0.167724,0.030800,6.891370,2
0.441780,0.011511,0.461975,0.422241,0.039734,1.212936,0.441930,0.088315,6.907416,0.035486,0.011323,0.054382,0.015991,0.038391,1.300677,0.037247,0.005527,6.855259,0.165058,0.029732,0.212708,0.116394,0.096314,1.423527,0.167712,0.017516,6.891424,2
0.441938,0.011334,0.461914,0.422180,0.039734,1.270168,0.442083,0.056919,6.907427,0.035775,0.011714,0.055481,0.017151,0.038330,1.384537,0.037642,0.026972,6.852338,0.166151,0.030716,0.212341,0.111938,0.100403,1.410581,0.168964,0.058910,6.890462,2
0.441601,0.010949,0.462036,0.422058,0.039978,1.270905,0.441736,0.031190,6.907448,0.035221,0.011293,0.053772,0.017334,0.036438,1.427614,0.036985,0.000622,6.854899,0.164367,0.029835,0.212646,0.113708,0.098938,1.387524,0.167050,0.027777,6.891120,2
0.439961,0.010684,0.458435,0.421631,0.036804,1.246039,0.440090,0.054391,6.907461,0.035348,0.010878,0.051941,0.016785,0.035156,1.453447,0.036982,0.043850,6.858972,0.164665,0.028633,0.215881,0.118103,0.097778,1.309457,0.167133,0.035564,6.892488,2
0.438017,0.010589,0.455994,0.418274,0.037720,1.116748,0.438145,0.053813,6.907463,0.035098,0.010700,0.053345,0.017822,0.035523,1.346648,0.036692,0.055857,6.859759,0.164248,0.028661,0.213928,0.113403,0.100525,1.249515,0.166728,0.028405,6.892380,2
0.437618,0.010839,0.458008,0.417725,0.040283,1.040122,0.437752,0.051164,5.960699,0.035014,0.011052,0.055420,0.017517,0.037903,1.312525,0.036713,0.041010,5.909581,0.164914,0.029698,0.213135,0.112427,0.100708,1.262232,0.167560,0.021203,5.944655,2
